<?xml version="1.0" encoding="UTF-8"?>
<project-private xmlns="http://www.netbeans.org/ns/project-private/1">
    <editor-bookmarks xmlns="http://www.netbeans.org/ns/editor-bookmarks/2" lastBookmarkId="0"/>
    <open-files xmlns="http://www.netbeans.org/ns/projectui-open-files/2">
        <group>
            <file>file:/D:/PHB/SEMESTER%204/Pemrograman%20Komputer%202/SPK-Saw-Java-Application-dekstop-main/src/app/TambahAlternatif.java</file>
            <file>file:/D:/PHB/SEMESTER%204/Pemrograman%20Komputer%202/SPK-Saw-Java-Application-dekstop-main/src/app/UpdateAlternatif.java</file>
            <file>file:/D:/PHB/SEMESTER%204/Pemrograman%20Komputer%202/SPK-Saw-Java-Application-dekstop-main/src/app/SPK.java</file>
        </group>
    </open-files>
</project-private>
